{
  "project_info": {
    "project_number": "534438008768",
    "project_id": "ourhand-80a6f",
    "storage_bucket": "ourhand-80a6f.appspot.com"
  },
  "client": [
    {
      "client_info": {
        "mobilesdk_app_id": "1:534438008768:android:f0d989619fa763cc8c5a25",
        "android_client_info": {
          "package_name": "com.example.OurHand"
        }
      },
      "oauth_client": [
        {
          "client_id": "534438008768-3qthfqecmnge10vevl4te0e4kb8590p3.apps.googleusercontent.com",
          "client_type": 3
        }
      ],
      "api_key": [
        {
          "current_key": "AIzaSyAl-n2S_0a-HWyld_m0TEvpNtD9R4vG7Xk"
        }
      ],
      "services": {
        "appinvite_service": {
          "other_platform_oauth_client": [
            {
              "client_id": "534438008768-3qthfqecmnge10vevl4te0e4kb8590p3.apps.googleusercontent.com",
              "client_type": 3
            }
          ]
        }
      }
    }
  ],
  "configuration_version": "1"
}